Changes made at Sat Aug  9 05:58:18 UTC 2025
Changes made at Thu Nov 20 13:44:50 UTC 2025
Changes made at Thu Nov 20 14:25:47 UTC 2025
Changes made at Thu Nov 20 16:32:47 UTC 2025
Changes made at Fri Nov 21 08:34:44 UTC 2025
Changes made at Fri Nov 21 10:26:21 UTC 2025
Changes made at Fri Nov 21 14:23:59 UTC 2025
Changes made at Fri Nov 21 16:30:17 UTC 2025
Changes made at Sat Nov 22 08:29:56 UTC 2025
Changes made at Sat Nov 22 10:23:44 UTC 2025
Changes made at Sat Nov 22 14:20:29 UTC 2025
Changes made at Sat Nov 22 16:28:18 UTC 2025
Changes made at Sun Nov 23 08:30:21 UTC 2025
Changes made at Sun Nov 23 10:23:48 UTC 2025
